{"cameraMode":{"drawMode":0,"name":"Shaded","section":"Shading Mode"},"sceneLighting":true,"audioPlay":false,"sceneViewState":{"m_AlwaysRefresh":false,"showFog":true,"showSkybox":false,"showFlares":true,"showImageEffects":true,"showParticleSystems":true,"showVisualEffectGraphs":true,"m_FxEnabled":true},"in2DMode":false,"pivot":{"x":0.6215715408325195,"y":3.7468085289001467,"z":0.4939384460449219},"rotation":{"x":-0.12940530478954316,"y":0.24106529355049134,"z":-0.03245672956109047,"w":-0.961324155330658},"size":22.308813095092775,"orthographic":false}