{"cameraMode":{"drawMode":0,"name":"Shaded","section":"Shading Mode"},"sceneLighting":true,"audioPlay":false,"sceneViewState":{"m_AlwaysRefresh":false,"showFog":true,"showSkybox":true,"showFlares":true,"showImageEffects":true,"showParticleSystems":true,"showVisualEffectGraphs":true,"m_FxEnabled":true},"in2DMode":false,"pivot":{"x":-31.336570739746095,"y":22.286930084228517,"z":19.436006546020509},"rotation":{"x":-0.1698809415102005,"y":-0.06409326195716858,"z":0.011185700073838234,"w":-0.9837451577186585},"size":4.3357319831848148,"orthographic":false}